rank,uid,title,year,venue,url,problem_claimed,actual_mechanism,hidden_assumptions,variables_treated_as_fixed,failure_modes_ignored,what_it_makes_less_novel,what_it_leaves_open
1,arxiv:2503.06227v1,GAT-Grasp: Gesture-Driven Affordance Transfer for Task-Aware Robotic Grasping,2025,arXiv,http://arxiv.org/abs/2503.06227v1,Addresses robot affordance learning or a neighboring robotics mechanism.,"Prior work usually predicts, ranks, filters, or imitates observed behavior rather than preserving unrealized branches.",The observed outcome is enough to supervise the model.,"Contact mode support, embodiment limits, and deployment perturbations.","Branch collapse, hidden-mode shift, and tail-risk planning failures.",Generic world models and generic uncertainty are crowded.,Counterfactual affordance maps keeps action-critical alternatives explicit until a physical observation collapses them.
2,arxiv:2511.03165v1,SENT Map -- Semantically Enhanced Topological Maps with Foundation Models,2025,arXiv,http://arxiv.org/abs/2511.03165v1,Addresses robot affordance learning or a neighboring robotics mechanism.,"Prior work usually predicts, ranks, filters, or imitates observed behavior rather than preserving unrealized branches.",The observed outcome is enough to supervise the model.,"Contact mode support, embodiment limits, and deployment perturbations.","Branch collapse, hidden-mode shift, and tail-risk planning failures.",Generic world models and generic uncertainty are crowded.,Counterfactual affordance maps keeps action-critical alternatives explicit until a physical observation collapses them.
3,arxiv:2410.03509v1,GAP-RL: Grasps As Points for RL Towards Dynamic Object Grasping,2024,arXiv,http://arxiv.org/abs/2410.03509v1,Addresses robot affordance learning or a neighboring robotics mechanism.,"Prior work usually predicts, ranks, filters, or imitates observed behavior rather than preserving unrealized branches.",The observed outcome is enough to supervise the model.,"Contact mode support, embodiment limits, and deployment perturbations.","Branch collapse, hidden-mode shift, and tail-risk planning failures.",Generic world models and generic uncertainty are crowded.,Counterfactual affordance maps keeps action-critical alternatives explicit until a physical observation collapses them.
4,doi:10.3390/s21030816,Affordance-Based Grasping Point Detection Using Graph Convolutional Networks for Industrial Bin-Picking Applications,2021,Sensors,https://doi.org/10.3390/s21030816,Addresses robot affordance learning or a neighboring robotics mechanism.,"Prior work usually predicts, ranks, filters, or imitates observed behavior rather than preserving unrealized branches.",The observed outcome is enough to supervise the model.,"Contact mode support, embodiment limits, and deployment perturbations.","Branch collapse, hidden-mode shift, and tail-risk planning failures.",Generic world models and generic uncertainty are crowded.,Counterfactual affordance maps keeps action-critical alternatives explicit until a physical observation collapses them.
5,doi:10.3390/s23177502,Non-Standard Map Robot Path Planning Approach Based on Ant Colony Algorithms,2023,Sensors,https://doi.org/10.3390/s23177502,Addresses robot affordance learning or a neighboring robotics mechanism.,"Prior work usually predicts, ranks, filters, or imitates observed behavior rather than preserving unrealized branches.",The observed outcome is enough to supervise the model.,"Contact mode support, embodiment limits, and deployment perturbations.","Branch collapse, hidden-mode shift, and tail-risk planning failures.",Generic world models and generic uncertainty are crowded.,Counterfactual affordance maps keeps action-critical alternatives explicit until a physical observation collapses them.
6,arxiv:2511.09516v1,MAP-VLA: Memory-Augmented Prompting for Vision-Language-Action Model in Robotic Manipulation,2025,arXiv,http://arxiv.org/abs/2511.09516v1,Addresses robot affordance learning or a neighboring robotics mechanism.,"Prior work usually predicts, ranks, filters, or imitates observed behavior rather than preserving unrealized branches.",The observed outcome is enough to supervise the model.,"Contact mode support, embodiment limits, and deployment perturbations.","Branch collapse, hidden-mode shift, and tail-risk planning failures.",Generic world models and generic uncertainty are crowded.,Counterfactual affordance maps keeps action-critical alternatives explicit until a physical observation collapses them.
7,arxiv:2406.10721v1,RoboPoint: A Vision-Language Model for Spatial Affordance Prediction for Robotics,2024,arXiv,http://arxiv.org/abs/2406.10721v1,Addresses robot affordance learning or a neighboring robotics mechanism.,"Prior work usually predicts, ranks, filters, or imitates observed behavior rather than preserving unrealized branches.",The observed outcome is enough to supervise the model.,"Contact mode support, embodiment limits, and deployment perturbations.","Branch collapse, hidden-mode shift, and tail-risk planning failures.",Generic world models and generic uncertainty are crowded.,Counterfactual affordance maps keeps action-critical alternatives explicit until a physical observation collapses them.
8,arxiv:2206.00432v1,Evaluating Gaussian Grasp Maps for Generative Grasping Models,2022,arXiv,http://arxiv.org/abs/2206.00432v1,Addresses robot affordance learning or a neighboring robotics mechanism.,"Prior work usually predicts, ranks, filters, or imitates observed behavior rather than preserving unrealized branches.",The observed outcome is enough to supervise the model.,"Contact mode support, embodiment limits, and deployment perturbations.","Branch collapse, hidden-mode shift, and tail-risk planning failures.",Generic world models and generic uncertainty are crowded.,Counterfactual affordance maps keeps action-critical alternatives explicit until a physical observation collapses them.
9,arxiv:2602.17659v1,When Vision Overrides Language: Evaluating and Mitigating Counterfactual Failures in VLAs,2026,arXiv,http://arxiv.org/abs/2602.17659v1,Addresses robot affordance learning or a neighboring robotics mechanism.,"Prior work usually predicts, ranks, filters, or imitates observed behavior rather than preserving unrealized branches.",The observed outcome is enough to supervise the model.,"Contact mode support, embodiment limits, and deployment perturbations.","Branch collapse, hidden-mode shift, and tail-risk planning failures.",Generic world models and generic uncertainty are crowded.,Counterfactual affordance maps keeps action-critical alternatives explicit until a physical observation collapses them.
10,doi:10.1177/0278364919868017,Robotic pick-and-place of novel objects in clutter with multi-affordance grasping and cross-domain image matching,2019,The International Journal of Robotics Research,https://doi.org/10.1177/0278364919868017,Addresses robot affordance learning or a neighboring robotics mechanism.,"Prior work usually predicts, ranks, filters, or imitates observed behavior rather than preserving unrealized branches.",The observed outcome is enough to supervise the model.,"Contact mode support, embodiment limits, and deployment perturbations.","Branch collapse, hidden-mode shift, and tail-risk planning failures.",Generic world models and generic uncertainty are crowded.,Counterfactual affordance maps keeps action-critical alternatives explicit until a physical observation collapses them.
11,doi:10.1109/iros.2015.7354029,Interactive affordance map building for a robotic task,2015,,https://doi.org/10.1109/iros.2015.7354029,Addresses robot affordance learning or a neighboring robotics mechanism.,"Prior work usually predicts, ranks, filters, or imitates observed behavior rather than preserving unrealized branches.",The observed outcome is enough to supervise the model.,"Contact mode support, embodiment limits, and deployment perturbations.","Branch collapse, hidden-mode shift, and tail-risk planning failures.",Generic world models and generic uncertainty are crowded.,Counterfactual affordance maps keeps action-critical alternatives explicit until a physical observation collapses them.
12,arxiv:2511.20841v1,OVAL-Grasp: Open-Vocabulary Affordance Localization for Task Oriented Grasping,2025,arXiv,http://arxiv.org/abs/2511.20841v1,Addresses robot affordance learning or a neighboring robotics mechanism.,"Prior work usually predicts, ranks, filters, or imitates observed behavior rather than preserving unrealized branches.",The observed outcome is enough to supervise the model.,"Contact mode support, embodiment limits, and deployment perturbations.","Branch collapse, hidden-mode shift, and tail-risk planning failures.",Generic world models and generic uncertainty are crowded.,Counterfactual affordance maps keeps action-critical alternatives explicit until a physical observation collapses them.
13,doi:10.1109/cvpr52729.2023.02228,MAP: Multimodal Uncertainty-Aware Vision-Language Pre-training Model,2023,2023 IEEE/CVF Conference on Computer Vision and Pattern Recognition (CVPR),https://doi.org/10.1109/cvpr52729.2023.02228,Addresses robot affordance learning or a neighboring robotics mechanism.,"Prior work usually predicts, ranks, filters, or imitates observed behavior rather than preserving unrealized branches.",The observed outcome is enough to supervise the model.,"Contact mode support, embodiment limits, and deployment perturbations.","Branch collapse, hidden-mode shift, and tail-risk planning failures.",Generic world models and generic uncertainty are crowded.,Counterfactual affordance maps keeps action-critical alternatives explicit until a physical observation collapses them.
14,doi:10.3390/bioengineering12070738,M3AE-Distill: An Efficient Distilled Model for Medical Vision–Language Downstream Tasks,2025,Bioengineering,https://doi.org/10.3390/bioengineering12070738,Addresses robot affordance learning or a neighboring robotics mechanism.,"Prior work usually predicts, ranks, filters, or imitates observed behavior rather than preserving unrealized branches.",The observed outcome is enough to supervise the model.,"Contact mode support, embodiment limits, and deployment perturbations.","Branch collapse, hidden-mode shift, and tail-risk planning failures.",Generic world models and generic uncertainty are crowded.,Counterfactual affordance maps keeps action-critical alternatives explicit until a physical observation collapses them.
15,arxiv:2210.05714v4,Visual Language Maps for Robot Navigation,2022,arXiv,http://arxiv.org/abs/2210.05714v4,Addresses robot affordance learning or a neighboring robotics mechanism.,"Prior work usually predicts, ranks, filters, or imitates observed behavior rather than preserving unrealized branches.",The observed outcome is enough to supervise the model.,"Contact mode support, embodiment limits, and deployment perturbations.","Branch collapse, hidden-mode shift, and tail-risk planning failures.",Generic world models and generic uncertainty are crowded.,Counterfactual affordance maps keeps action-critical alternatives explicit until a physical observation collapses them.
16,doi:10.1007/s11370-026-00707-4,Oracle-grasp: zero-shot affordance-aligned robotic grasping using large multimodal models,2026,Intelligent Service Robotics,https://doi.org/10.1007/s11370-026-00707-4,Addresses robot affordance learning or a neighboring robotics mechanism.,"Prior work usually predicts, ranks, filters, or imitates observed behavior rather than preserving unrealized branches.",The observed outcome is enough to supervise the model.,"Contact mode support, embodiment limits, and deployment perturbations.","Branch collapse, hidden-mode shift, and tail-risk planning failures.",Generic world models and generic uncertainty are crowded.,Counterfactual affordance maps keeps action-critical alternatives explicit until a physical observation collapses them.
17,doi:10.1109/icra.2016.7487233,"Probabilistic map fusion for fast, incremental occupancy mapping with 3D Hilbert maps",2016,2016 IEEE International Conference on Robotics and Automation (ICRA),https://doi.org/10.1109/icra.2016.7487233,Addresses robot affordance learning or a neighboring robotics mechanism.,"Prior work usually predicts, ranks, filters, or imitates observed behavior rather than preserving unrealized branches.",The observed outcome is enough to supervise the model.,"Contact mode support, embodiment limits, and deployment perturbations.","Branch collapse, hidden-mode shift, and tail-risk planning failures.",Generic world models and generic uncertainty are crowded.,Counterfactual affordance maps keeps action-critical alternatives explicit until a physical observation collapses them.
18,doi:10.1115/dscc2017-5383,Visual Object Tracking on the Inverse Perspective Map for Autonomous Vehicles,2017,"Volume 2: Mechatronics; Estimation and Identification; Uncertain Systems and Robustness; Path Planning and Motion Control; Tracking Control Systems; Multi-Agent and Networked Systems; Manufacturing; Intelligent Transportation and Vehicles; Sensors and Actuators; Diagnostics and Detection; Unmanned, Ground and Surface Robotics; Motion and Vibration Control Applications",https://doi.org/10.1115/dscc2017-5383,Addresses robot affordance learning or a neighboring robotics mechanism.,"Prior work usually predicts, ranks, filters, or imitates observed behavior rather than preserving unrealized branches.",The observed outcome is enough to supervise the model.,"Contact mode support, embodiment limits, and deployment perturbations.","Branch collapse, hidden-mode shift, and tail-risk planning failures.",Generic world models and generic uncertainty are crowded.,Counterfactual affordance maps keeps action-critical alternatives explicit until a physical observation collapses them.
19,doi:10.1109/icra57147.2024.10610712,VLFM: Vision-Language Frontier Maps for Zero-Shot Semantic Navigation,2024,2024 IEEE International Conference on Robotics and Automation (ICRA),https://doi.org/10.1109/icra57147.2024.10610712,Addresses robot affordance learning or a neighboring robotics mechanism.,"Prior work usually predicts, ranks, filters, or imitates observed behavior rather than preserving unrealized branches.",The observed outcome is enough to supervise the model.,"Contact mode support, embodiment limits, and deployment perturbations.","Branch collapse, hidden-mode shift, and tail-risk planning failures.",Generic world models and generic uncertainty are crowded.,Counterfactual affordance maps keeps action-critical alternatives explicit until a physical observation collapses them.
20,arxiv:2405.16692v1,Planning Robot Placement for Object Grasping,2024,arXiv,http://arxiv.org/abs/2405.16692v1,Addresses robot affordance learning or a neighboring robotics mechanism.,"Prior work usually predicts, ranks, filters, or imitates observed behavior rather than preserving unrealized branches.",The observed outcome is enough to supervise the model.,"Contact mode support, embodiment limits, and deployment perturbations.","Branch collapse, hidden-mode shift, and tail-risk planning failures.",Generic world models and generic uncertainty are crowded.,Counterfactual affordance maps keeps action-critical alternatives explicit until a physical observation collapses them.
21,doi:10.31763/ijrcs.v5i2.1851,Real-Time Pose Estimation for Autonomous Vehicles Using Probabilistic Landmark Maps and Sensor Fusion,2025,International Journal of Robotics and Control Systems,https://doi.org/10.31763/ijrcs.v5i2.1851,Addresses robot affordance learning or a neighboring robotics mechanism.,"Prior work usually predicts, ranks, filters, or imitates observed behavior rather than preserving unrealized branches.",The observed outcome is enough to supervise the model.,"Contact mode support, embodiment limits, and deployment perturbations.","Branch collapse, hidden-mode shift, and tail-risk planning failures.",Generic world models and generic uncertainty are crowded.,Counterfactual affordance maps keeps action-critical alternatives explicit until a physical observation collapses them.
22,doi:10.3390/drones8090493,Multi-Robot Path Planning Algorithm for Collaborative Mapping under Communication Constraints,2024,Drones,https://doi.org/10.3390/drones8090493,Addresses robot affordance learning or a neighboring robotics mechanism.,"Prior work usually predicts, ranks, filters, or imitates observed behavior rather than preserving unrealized branches.",The observed outcome is enough to supervise the model.,"Contact mode support, embodiment limits, and deployment perturbations.","Branch collapse, hidden-mode shift, and tail-risk planning failures.",Generic world models and generic uncertainty are crowded.,Counterfactual affordance maps keeps action-critical alternatives explicit until a physical observation collapses them.
23,doi:10.1080/14689367.2011.627836,Dense distribution of chaotic maps in continuous map spaces,2011,Dynamical Systems,https://doi.org/10.1080/14689367.2011.627836,Addresses robot affordance learning or a neighboring robotics mechanism.,"Prior work usually predicts, ranks, filters, or imitates observed behavior rather than preserving unrealized branches.",The observed outcome is enough to supervise the model.,"Contact mode support, embodiment limits, and deployment perturbations.","Branch collapse, hidden-mode shift, and tail-risk planning failures.",Generic world models and generic uncertainty are crowded.,Counterfactual affordance maps keeps action-critical alternatives explicit until a physical observation collapses them.
24,arxiv:2602.03973v1,VLS: Steering Pretrained Robot Policies via Vision-Language Models,2026,arXiv,http://arxiv.org/abs/2602.03973v1,Addresses robot affordance learning or a neighboring robotics mechanism.,"Prior work usually predicts, ranks, filters, or imitates observed behavior rather than preserving unrealized branches.",The observed outcome is enough to supervise the model.,"Contact mode support, embodiment limits, and deployment perturbations.","Branch collapse, hidden-mode shift, and tail-risk planning failures.",Generic world models and generic uncertainty are crowded.,Counterfactual affordance maps keeps action-critical alternatives explicit until a physical observation collapses them.
25,doi:10.1080/14689367.2011.554383,On the coexisting dynamics in the alternate iteration of two logistic maps,2011,Dynamical Systems,https://doi.org/10.1080/14689367.2011.554383,Addresses robot affordance learning or a neighboring robotics mechanism.,"Prior work usually predicts, ranks, filters, or imitates observed behavior rather than preserving unrealized branches.",The observed outcome is enough to supervise the model.,"Contact mode support, embodiment limits, and deployment perturbations.","Branch collapse, hidden-mode shift, and tail-risk planning failures.",Generic world models and generic uncertainty are crowded.,Counterfactual affordance maps keeps action-critical alternatives explicit until a physical observation collapses them.
26,doi:10.3390/s24248187,Probabilistic Attention Map: A Probabilistic Attention Mechanism for Convolutional Neural Networks,2024,Sensors,https://doi.org/10.3390/s24248187,Addresses robot affordance learning or a neighboring robotics mechanism.,"Prior work usually predicts, ranks, filters, or imitates observed behavior rather than preserving unrealized branches.",The observed outcome is enough to supervise the model.,"Contact mode support, embodiment limits, and deployment perturbations.","Branch collapse, hidden-mode shift, and tail-risk planning failures.",Generic world models and generic uncertainty are crowded.,Counterfactual affordance maps keeps action-critical alternatives explicit until a physical observation collapses them.
27,arxiv:2107.09822v3,Bayesian Controller Fusion: Leveraging Control Priors in Deep Reinforcement Learning for Robotics,2021,arXiv,http://arxiv.org/abs/2107.09822v3,Addresses robot affordance learning or a neighboring robotics mechanism.,"Prior work usually predicts, ranks, filters, or imitates observed behavior rather than preserving unrealized branches.",The observed outcome is enough to supervise the model.,"Contact mode support, embodiment limits, and deployment perturbations.","Branch collapse, hidden-mode shift, and tail-risk planning failures.",Generic world models and generic uncertainty are crowded.,Counterfactual affordance maps keeps action-critical alternatives explicit until a physical observation collapses them.
28,doi:10.21437/glu.2017-17,"Interactive Robot Learning of Gestures, Language and Affordances",2017,arXiv,http://arxiv.org/abs/1711.09055v1,Addresses robot affordance learning or a neighboring robotics mechanism.,"Prior work usually predicts, ranks, filters, or imitates observed behavior rather than preserving unrealized branches.",The observed outcome is enough to supervise the model.,"Contact mode support, embodiment limits, and deployment perturbations.","Branch collapse, hidden-mode shift, and tail-risk planning failures.",Generic world models and generic uncertainty are crowded.,Counterfactual affordance maps keeps action-critical alternatives explicit until a physical observation collapses them.
29,arxiv:2411.16755v1,FunGrasp: Functional Grasping for Diverse Dexterous Hands,2024,arXiv,http://arxiv.org/abs/2411.16755v1,Addresses robot affordance learning or a neighboring robotics mechanism.,"Prior work usually predicts, ranks, filters, or imitates observed behavior rather than preserving unrealized branches.",The observed outcome is enough to supervise the model.,"Contact mode support, embodiment limits, and deployment perturbations.","Branch collapse, hidden-mode shift, and tail-risk planning failures.",Generic world models and generic uncertainty are crowded.,Counterfactual affordance maps keeps action-critical alternatives explicit until a physical observation collapses them.
30,doi:10.3390/logistics9030124,ML and Statistics-Driven Route Planning: Effective Solutions Without Maps,2025,Logistics,https://doi.org/10.3390/logistics9030124,Addresses robot affordance learning or a neighboring robotics mechanism.,"Prior work usually predicts, ranks, filters, or imitates observed behavior rather than preserving unrealized branches.",The observed outcome is enough to supervise the model.,"Contact mode support, embodiment limits, and deployment perturbations.","Branch collapse, hidden-mode shift, and tail-risk planning failures.",Generic world models and generic uncertainty are crowded.,Counterfactual affordance maps keeps action-critical alternatives explicit until a physical observation collapses them.
31,doi:10.3390/s24206691,A Real-Time Semantic Map Production System for Indoor Robot Navigation,2024,Sensors,https://doi.org/10.3390/s24206691,Addresses robot affordance learning or a neighboring robotics mechanism.,"Prior work usually predicts, ranks, filters, or imitates observed behavior rather than preserving unrealized branches.",The observed outcome is enough to supervise the model.,"Contact mode support, embodiment limits, and deployment perturbations.","Branch collapse, hidden-mode shift, and tail-risk planning failures.",Generic world models and generic uncertainty are crowded.,Counterfactual affordance maps keeps action-critical alternatives explicit until a physical observation collapses them.
32,doi:10.1109/lra.2025.3619820,LAMP: Implicit Language Map for Robot Navigation,2026,arXiv,http://arxiv.org/abs/2602.11862v1,Addresses robot affordance learning or a neighboring robotics mechanism.,"Prior work usually predicts, ranks, filters, or imitates observed behavior rather than preserving unrealized branches.",The observed outcome is enough to supervise the model.,"Contact mode support, embodiment limits, and deployment perturbations.","Branch collapse, hidden-mode shift, and tail-risk planning failures.",Generic world models and generic uncertainty are crowded.,Counterfactual affordance maps keeps action-critical alternatives explicit until a physical observation collapses them.
33,doi:10.1177/02783649241269337,Certifiably optimal rotation and pose estimation based on the Cayley map,2025,The International Journal of Robotics Research,https://doi.org/10.1177/02783649241269337,Addresses robot affordance learning or a neighboring robotics mechanism.,"Prior work usually predicts, ranks, filters, or imitates observed behavior rather than preserving unrealized branches.",The observed outcome is enough to supervise the model.,"Contact mode support, embodiment limits, and deployment perturbations.","Branch collapse, hidden-mode shift, and tail-risk planning failures.",Generic world models and generic uncertainty are crowded.,Counterfactual affordance maps keeps action-critical alternatives explicit until a physical observation collapses them.
34,doi:10.1016/j.engfailanal.2024.107970,A method based on q-rung orthopair fuzzy cognitive map and TOPSIS method for failure mode and effect analysis considering risk causal relationships,2024,Engineering Failure Analysis,https://doi.org/10.1016/j.engfailanal.2024.107970,Addresses robot affordance learning or a neighboring robotics mechanism.,"Prior work usually predicts, ranks, filters, or imitates observed behavior rather than preserving unrealized branches.",The observed outcome is enough to supervise the model.,"Contact mode support, embodiment limits, and deployment perturbations.","Branch collapse, hidden-mode shift, and tail-risk planning failures.",Generic world models and generic uncertainty are crowded.,Counterfactual affordance maps keeps action-critical alternatives explicit until a physical observation collapses them.
35,doi:10.1177/027836490001900604,Safe Task Planning Integrating Uncertainties and Local Maps Federations,2000,The International Journal of Robotics Research,https://doi.org/10.1177/027836490001900604,Addresses robot affordance learning or a neighboring robotics mechanism.,"Prior work usually predicts, ranks, filters, or imitates observed behavior rather than preserving unrealized branches.",The observed outcome is enough to supervise the model.,"Contact mode support, embodiment limits, and deployment perturbations.","Branch collapse, hidden-mode shift, and tail-risk planning failures.",Generic world models and generic uncertainty are crowded.,Counterfactual affordance maps keeps action-critical alternatives explicit until a physical observation collapses them.
36,doi:10.1108/01439911111122815,Path planning for mobile robot in a 2.5‐dimensional grid‐based map,2011,Industrial Robot: An International Journal,https://doi.org/10.1108/01439911111122815,Addresses robot affordance learning or a neighboring robotics mechanism.,"Prior work usually predicts, ranks, filters, or imitates observed behavior rather than preserving unrealized branches.",The observed outcome is enough to supervise the model.,"Contact mode support, embodiment limits, and deployment perturbations.","Branch collapse, hidden-mode shift, and tail-risk planning failures.",Generic world models and generic uncertainty are crowded.,Counterfactual affordance maps keeps action-critical alternatives explicit until a physical observation collapses them.
37,doi:10.3390/s25175309,An End-to-End Computationally Lightweight Vision-Based Grasping System for Grocery Items,2025,Sensors,https://doi.org/10.3390/s25175309,Addresses robot affordance learning or a neighboring robotics mechanism.,"Prior work usually predicts, ranks, filters, or imitates observed behavior rather than preserving unrealized branches.",The observed outcome is enough to supervise the model.,"Contact mode support, embodiment limits, and deployment perturbations.","Branch collapse, hidden-mode shift, and tail-risk planning failures.",Generic world models and generic uncertainty are crowded.,Counterfactual affordance maps keeps action-critical alternatives explicit until a physical observation collapses them.
38,doi:10.1109/lra.2025.3540577,OVL-MAP: An Online Visual Language Map Approach for Vision-and-Language Navigation in Continuous Environments,2025,IEEE Robotics and Automation Letters,https://doi.org/10.1109/lra.2025.3540577,Addresses robot affordance learning or a neighboring robotics mechanism.,"Prior work usually predicts, ranks, filters, or imitates observed behavior rather than preserving unrealized branches.",The observed outcome is enough to supervise the model.,"Contact mode support, embodiment limits, and deployment perturbations.","Branch collapse, hidden-mode shift, and tail-risk planning failures.",Generic world models and generic uncertainty are crowded.,Counterfactual affordance maps keeps action-critical alternatives explicit until a physical observation collapses them.
39,doi:10.1109/lra.2025.3577456,Mobile Robot Navigation Using Hand-Drawn Maps: A Vision Language Model Approach,2025,IEEE Robotics and Automation Letters,https://doi.org/10.1109/lra.2025.3577456,Addresses robot affordance learning or a neighboring robotics mechanism.,"Prior work usually predicts, ranks, filters, or imitates observed behavior rather than preserving unrealized branches.",The observed outcome is enough to supervise the model.,"Contact mode support, embodiment limits, and deployment perturbations.","Branch collapse, hidden-mode shift, and tail-risk planning failures.",Generic world models and generic uncertainty are crowded.,Counterfactual affordance maps keeps action-critical alternatives explicit until a physical observation collapses them.
40,doi:10.3390/robotics14030024,Agentic Workflows for Improving Large Language Model Reasoning in Robotic Object-Centered Planning,2025,Robotics,https://doi.org/10.3390/robotics14030024,Addresses robot affordance learning or a neighboring robotics mechanism.,"Prior work usually predicts, ranks, filters, or imitates observed behavior rather than preserving unrealized branches.",The observed outcome is enough to supervise the model.,"Contact mode support, embodiment limits, and deployment perturbations.","Branch collapse, hidden-mode shift, and tail-risk planning failures.",Generic world models and generic uncertainty are crowded.,Counterfactual affordance maps keeps action-critical alternatives explicit until a physical observation collapses them.
41,doi:10.1109/cvpr52734.2025.00165,SeqAfford: Sequential 3D Affordance Reasoning via Multimodal Large Language Model,2025,2025 IEEE/CVF Conference on Computer Vision and Pattern Recognition (CVPR),https://doi.org/10.1109/cvpr52734.2025.00165,Addresses robot affordance learning or a neighboring robotics mechanism.,"Prior work usually predicts, ranks, filters, or imitates observed behavior rather than preserving unrealized branches.",The observed outcome is enough to supervise the model.,"Contact mode support, embodiment limits, and deployment perturbations.","Branch collapse, hidden-mode shift, and tail-risk planning failures.",Generic world models and generic uncertainty are crowded.,Counterfactual affordance maps keeps action-critical alternatives explicit until a physical observation collapses them.
42,doi:10.1002/esp4.70064,Hazard‐Consistent Aftershock Ground Motion Intensity Map and Arrival Time Sampling for Regional Seismic Risk Analysis,2026,Earthquake Spectra,https://doi.org/10.1002/esp4.70064,Addresses robot affordance learning or a neighboring robotics mechanism.,"Prior work usually predicts, ranks, filters, or imitates observed behavior rather than preserving unrealized branches.",The observed outcome is enough to supervise the model.,"Contact mode support, embodiment limits, and deployment perturbations.","Branch collapse, hidden-mode shift, and tail-risk planning failures.",Generic world models and generic uncertainty are crowded.,Counterfactual affordance maps keeps action-critical alternatives explicit until a physical observation collapses them.
43,doi:10.1177/02783649251393343,MAPS 2 : Multi-robot autonomous motion planning under signal temporal logic specifications,2025,The International Journal of Robotics Research,https://doi.org/10.1177/02783649251393343,Addresses robot affordance learning or a neighboring robotics mechanism.,"Prior work usually predicts, ranks, filters, or imitates observed behavior rather than preserving unrealized branches.",The observed outcome is enough to supervise the model.,"Contact mode support, embodiment limits, and deployment perturbations.","Branch collapse, hidden-mode shift, and tail-risk planning failures.",Generic world models and generic uncertainty are crowded.,Counterfactual affordance maps keeps action-critical alternatives explicit until a physical observation collapses them.
44,doi:10.1080/01691864.2025.2535676,Text-driven affordance learning from egocentric vision,2025,Advanced Robotics,https://doi.org/10.1080/01691864.2025.2535676,Addresses robot affordance learning or a neighboring robotics mechanism.,"Prior work usually predicts, ranks, filters, or imitates observed behavior rather than preserving unrealized branches.",The observed outcome is enough to supervise the model.,"Contact mode support, embodiment limits, and deployment perturbations.","Branch collapse, hidden-mode shift, and tail-risk planning failures.",Generic world models and generic uncertainty are crowded.,Counterfactual affordance maps keeps action-critical alternatives explicit until a physical observation collapses them.
45,doi:10.2478/v10059-012-0017-2,Perceptual global processing and hierarchically organized affordances – the lack of interaction between vision-for-perception and vision-for-action.,2012,Polish Psychological Bulletin,https://doi.org/10.2478/v10059-012-0017-2,Addresses robot affordance learning or a neighboring robotics mechanism.,"Prior work usually predicts, ranks, filters, or imitates observed behavior rather than preserving unrealized branches.",The observed outcome is enough to supervise the model.,"Contact mode support, embodiment limits, and deployment perturbations.","Branch collapse, hidden-mode shift, and tail-risk planning failures.",Generic world models and generic uncertainty are crowded.,Counterfactual affordance maps keeps action-critical alternatives explicit until a physical observation collapses them.
46,doi:10.1109/icra55743.2025.11127736,UniAff: A Unified Representation of Affordances for Tool Usage and Articulation with Vision-Language Models,2025,2025 IEEE International Conference on Robotics and Automation (ICRA),https://doi.org/10.1109/icra55743.2025.11127736,Addresses robot affordance learning or a neighboring robotics mechanism.,"Prior work usually predicts, ranks, filters, or imitates observed behavior rather than preserving unrealized branches.",The observed outcome is enough to supervise the model.,"Contact mode support, embodiment limits, and deployment perturbations.","Branch collapse, hidden-mode shift, and tail-risk planning failures.",Generic world models and generic uncertainty are crowded.,Counterfactual affordance maps keeps action-critical alternatives explicit until a physical observation collapses them.
47,doi:10.3390/rs15112796,Robust Loop Closure Selection Based on Inter-Robot and Intra-Robot Consistency for Multi-Robot Map Fusion,2023,Remote Sensing,https://doi.org/10.3390/rs15112796,Addresses robot affordance learning or a neighboring robotics mechanism.,"Prior work usually predicts, ranks, filters, or imitates observed behavior rather than preserving unrealized branches.",The observed outcome is enough to supervise the model.,"Contact mode support, embodiment limits, and deployment perturbations.","Branch collapse, hidden-mode shift, and tail-risk planning failures.",Generic world models and generic uncertainty are crowded.,Counterfactual affordance maps keeps action-critical alternatives explicit until a physical observation collapses them.
48,doi:10.3390/app12115420,Medium Transmission Map Matters for Learning to Restore Real-World Underwater Images,2022,Applied Sciences,https://doi.org/10.3390/app12115420,Addresses robot affordance learning or a neighboring robotics mechanism.,"Prior work usually predicts, ranks, filters, or imitates observed behavior rather than preserving unrealized branches.",The observed outcome is enough to supervise the model.,"Contact mode support, embodiment limits, and deployment perturbations.","Branch collapse, hidden-mode shift, and tail-risk planning failures.",Generic world models and generic uncertainty are crowded.,Counterfactual affordance maps keeps action-critical alternatives explicit until a physical observation collapses them.
49,arxiv:2606.00815v1,OmniEEG-Bench: A Standardized Evaluation Benchmark for EEG Foundation Models,2026,arXiv,http://arxiv.org/abs/2606.00815v1,Addresses robot affordance learning or a neighboring robotics mechanism.,"Prior work usually predicts, ranks, filters, or imitates observed behavior rather than preserving unrealized branches.",The observed outcome is enough to supervise the model.,"Contact mode support, embodiment limits, and deployment perturbations.","Branch collapse, hidden-mode shift, and tail-risk planning failures.",Generic world models and generic uncertainty are crowded.,Counterfactual affordance maps keeps action-critical alternatives explicit until a physical observation collapses them.
50,arxiv:2511.05397v1,EveryDayVLA: A Vision-Language-Action Model for Affordable Robotic Manipulation,2025,arXiv,http://arxiv.org/abs/2511.05397v1,Addresses robot affordance learning or a neighboring robotics mechanism.,"Prior work usually predicts, ranks, filters, or imitates observed behavior rather than preserving unrealized branches.",The observed outcome is enough to supervise the model.,"Contact mode support, embodiment limits, and deployment perturbations.","Branch collapse, hidden-mode shift, and tail-risk planning failures.",Generic world models and generic uncertainty are crowded.,Counterfactual affordance maps keeps action-critical alternatives explicit until a physical observation collapses them.
51,arxiv:2509.19480v1,OmniVLA: An Omni-Modal Vision-Language-Action Model for Robot Navigation,2025,arXiv,http://arxiv.org/abs/2509.19480v1,Addresses robot affordance learning or a neighboring robotics mechanism.,"Prior work usually predicts, ranks, filters, or imitates observed behavior rather than preserving unrealized branches.",The observed outcome is enough to supervise the model.,"Contact mode support, embodiment limits, and deployment perturbations.","Branch collapse, hidden-mode shift, and tail-risk planning failures.",Generic world models and generic uncertainty are crowded.,Counterfactual affordance maps keeps action-critical alternatives explicit until a physical observation collapses them.
52,doi:10.1109/iccv51701.2025.00910,CoA-VLA: Improving Vision-Language-Action Models via Visual-Textual Chain-of-Affordance,2025,2025 IEEE/CVF International Conference on Computer Vision (ICCV),https://doi.org/10.1109/iccv51701.2025.00910,Addresses robot affordance learning or a neighboring robotics mechanism.,"Prior work usually predicts, ranks, filters, or imitates observed behavior rather than preserving unrealized branches.",The observed outcome is enough to supervise the model.,"Contact mode support, embodiment limits, and deployment perturbations.","Branch collapse, hidden-mode shift, and tail-risk planning failures.",Generic world models and generic uncertainty are crowded.,Counterfactual affordance maps keeps action-critical alternatives explicit until a physical observation collapses them.
53,doi:10.1109/icarcv.2008.4795593,Learning informative point classes for the acquisition of object model maps,2008,"2008 10th International Conference on Control, Automation, Robotics and Vision",https://doi.org/10.1109/icarcv.2008.4795593,Addresses robot affordance learning or a neighboring robotics mechanism.,"Prior work usually predicts, ranks, filters, or imitates observed behavior rather than preserving unrealized branches.",The observed outcome is enough to supervise the model.,"Contact mode support, embodiment limits, and deployment perturbations.","Branch collapse, hidden-mode shift, and tail-risk planning failures.",Generic world models and generic uncertainty are crowded.,Counterfactual affordance maps keeps action-critical alternatives explicit until a physical observation collapses them.
54,arxiv:2512.13380v1,Universal Dexterous Functional Grasping via Demonstration-Editing Reinforcement Learning,2025,arXiv,http://arxiv.org/abs/2512.13380v1,Addresses robot affordance learning or a neighboring robotics mechanism.,"Prior work usually predicts, ranks, filters, or imitates observed behavior rather than preserving unrealized branches.",The observed outcome is enough to supervise the model.,"Contact mode support, embodiment limits, and deployment perturbations.","Branch collapse, hidden-mode shift, and tail-risk planning failures.",Generic world models and generic uncertainty are crowded.,Counterfactual affordance maps keeps action-critical alternatives explicit until a physical observation collapses them.
55,doi:10.1080/01691864.2024.2395926,Open-set 3D semantic instance maps for vision language navigation – O3D-SIM,2024,Advanced Robotics,https://doi.org/10.1080/01691864.2024.2395926,Addresses robot affordance learning or a neighboring robotics mechanism.,"Prior work usually predicts, ranks, filters, or imitates observed behavior rather than preserving unrealized branches.",The observed outcome is enough to supervise the model.,"Contact mode support, embodiment limits, and deployment perturbations.","Branch collapse, hidden-mode shift, and tail-risk planning failures.",Generic world models and generic uncertainty are crowded.,Counterfactual affordance maps keeps action-critical alternatives explicit until a physical observation collapses them.
56,doi:10.1145/3501714.3501733,Probabilistic Evaluation of Counterfactual Queries,2022,Probabilistic and Causal Inference,https://doi.org/10.1145/3501714.3501733,Addresses robot affordance learning or a neighboring robotics mechanism.,"Prior work usually predicts, ranks, filters, or imitates observed behavior rather than preserving unrealized branches.",The observed outcome is enough to supervise the model.,"Contact mode support, embodiment limits, and deployment perturbations.","Branch collapse, hidden-mode shift, and tail-risk planning failures.",Generic world models and generic uncertainty are crowded.,Counterfactual affordance maps keeps action-critical alternatives explicit until a physical observation collapses them.
57,doi:10.3389/frobt.2022.916153,Benchmarking the utility of maps of dynamics for human-aware motion planning,2022,Frontiers in Robotics and AI,https://doi.org/10.3389/frobt.2022.916153,Addresses robot affordance learning or a neighboring robotics mechanism.,"Prior work usually predicts, ranks, filters, or imitates observed behavior rather than preserving unrealized branches.",The observed outcome is enough to supervise the model.,"Contact mode support, embodiment limits, and deployment perturbations.","Branch collapse, hidden-mode shift, and tail-risk planning failures.",Generic world models and generic uncertainty are crowded.,Counterfactual affordance maps keeps action-critical alternatives explicit until a physical observation collapses them.
58,doi:10.1177/1059712307084689,To Afford or Not to Afford: A New Formalization of Affordances Toward Affordance-Based Robot Control,2007,Adaptive Behavior,https://doi.org/10.1177/1059712307084689,Addresses robot affordance learning or a neighboring robotics mechanism.,"Prior work usually predicts, ranks, filters, or imitates observed behavior rather than preserving unrealized branches.",The observed outcome is enough to supervise the model.,"Contact mode support, embodiment limits, and deployment perturbations.","Branch collapse, hidden-mode shift, and tail-risk planning failures.",Generic world models and generic uncertainty are crowded.,Counterfactual affordance maps keeps action-critical alternatives explicit until a physical observation collapses them.
59,doi:10.1177/21695172261439479,HyReach: Vision-Guided Hybrid Manipulator Reaching in Cluttered Unseen Environments,2026,Soft Robotics,https://doi.org/10.1177/21695172261439479,Addresses robot affordance learning or a neighboring robotics mechanism.,"Prior work usually predicts, ranks, filters, or imitates observed behavior rather than preserving unrealized branches.",The observed outcome is enough to supervise the model.,"Contact mode support, embodiment limits, and deployment perturbations.","Branch collapse, hidden-mode shift, and tail-risk planning failures.",Generic world models and generic uncertainty are crowded.,Counterfactual affordance maps keeps action-critical alternatives explicit until a physical observation collapses them.
60,doi:10.1109/robot.1996.503865,Decoupling odometry and exteroceptive perception in building a global world map of a mobile robot: the use of local maps,2002,,https://doi.org/10.1109/robot.1996.503865,Addresses robot affordance learning or a neighboring robotics mechanism.,"Prior work usually predicts, ranks, filters, or imitates observed behavior rather than preserving unrealized branches.",The observed outcome is enough to supervise the model.,"Contact mode support, embodiment limits, and deployment perturbations.","Branch collapse, hidden-mode shift, and tail-risk planning failures.",Generic world models and generic uncertainty are crowded.,Counterfactual affordance maps keeps action-critical alternatives explicit until a physical observation collapses them.
61,doi:10.3390/math13213533,Research on Path Planning for Mobile Robot Using the Enhanced Artificial Lemming Algorithm,2025,Mathematics,https://doi.org/10.3390/math13213533,Addresses robot affordance learning or a neighboring robotics mechanism.,"Prior work usually predicts, ranks, filters, or imitates observed behavior rather than preserving unrealized branches.",The observed outcome is enough to supervise the model.,"Contact mode support, embodiment limits, and deployment perturbations.","Branch collapse, hidden-mode shift, and tail-risk planning failures.",Generic world models and generic uncertainty are crowded.,Counterfactual affordance maps keeps action-critical alternatives explicit until a physical observation collapses them.
62,doi:10.1108/ir-04-2025-0144,Motion planning of quadrotors in cluttered environments using efficient mapping and spatial-temporal optimization,2026,Industrial Robot: the international journal of robotics research and application,https://doi.org/10.1108/ir-04-2025-0144,Addresses robot affordance learning or a neighboring robotics mechanism.,"Prior work usually predicts, ranks, filters, or imitates observed behavior rather than preserving unrealized branches.",The observed outcome is enough to supervise the model.,"Contact mode support, embodiment limits, and deployment perturbations.","Branch collapse, hidden-mode shift, and tail-risk planning failures.",Generic world models and generic uncertainty are crowded.,Counterfactual affordance maps keeps action-critical alternatives explicit until a physical observation collapses them.
63,doi:10.3390/robotics15020031,Unified Promptable Panoptic Mapping with Dynamic Labeling Using Foundation Models,2026,Robotics,https://doi.org/10.3390/robotics15020031,Addresses robot affordance learning or a neighboring robotics mechanism.,"Prior work usually predicts, ranks, filters, or imitates observed behavior rather than preserving unrealized branches.",The observed outcome is enough to supervise the model.,"Contact mode support, embodiment limits, and deployment perturbations.","Branch collapse, hidden-mode shift, and tail-risk planning failures.",Generic world models and generic uncertainty are crowded.,Counterfactual affordance maps keeps action-critical alternatives explicit until a physical observation collapses them.
64,doi:10.1016/j.visres.2010.09.019,Learning by doing: Action performance facilitates affordance perception,2010,Vision Research,https://doi.org/10.1016/j.visres.2010.09.019,Addresses robot affordance learning or a neighboring robotics mechanism.,"Prior work usually predicts, ranks, filters, or imitates observed behavior rather than preserving unrealized branches.",The observed outcome is enough to supervise the model.,"Contact mode support, embodiment limits, and deployment perturbations.","Branch collapse, hidden-mode shift, and tail-risk planning failures.",Generic world models and generic uncertainty are crowded.,Counterfactual affordance maps keeps action-critical alternatives explicit until a physical observation collapses them.
65,arxiv:2508.11275v1,Learning Differentiable Reachability Maps for Optimization-based Humanoid Motion Generation,2025,arXiv,http://arxiv.org/abs/2508.11275v1,Addresses robot affordance learning or a neighboring robotics mechanism.,"Prior work usually predicts, ranks, filters, or imitates observed behavior rather than preserving unrealized branches.",The observed outcome is enough to supervise the model.,"Contact mode support, embodiment limits, and deployment perturbations.","Branch collapse, hidden-mode shift, and tail-risk planning failures.",Generic world models and generic uncertainty are crowded.,Counterfactual affordance maps keeps action-critical alternatives explicit until a physical observation collapses them.
66,arxiv:2502.06519v1,"SIREN: Semantic, Initialization-Free Registration of Multi-Robot Gaussian Splatting Maps",2025,arXiv,http://arxiv.org/abs/2502.06519v1,Addresses robot affordance learning or a neighboring robotics mechanism.,"Prior work usually predicts, ranks, filters, or imitates observed behavior rather than preserving unrealized branches.",The observed outcome is enough to supervise the model.,"Contact mode support, embodiment limits, and deployment perturbations.","Branch collapse, hidden-mode shift, and tail-risk planning failures.",Generic world models and generic uncertainty are crowded.,Counterfactual affordance maps keeps action-critical alternatives explicit until a physical observation collapses them.
67,doi:10.1109/iros55552.2023.10341666,Hybrid Map-Based Path Planning for Robot Navigation in Unstructured Environments,2023,,https://doi.org/10.1109/iros55552.2023.10341666,Addresses robot affordance learning or a neighboring robotics mechanism.,"Prior work usually predicts, ranks, filters, or imitates observed behavior rather than preserving unrealized branches.",The observed outcome is enough to supervise the model.,"Contact mode support, embodiment limits, and deployment perturbations.","Branch collapse, hidden-mode shift, and tail-risk planning failures.",Generic world models and generic uncertainty are crowded.,Counterfactual affordance maps keeps action-critical alternatives explicit until a physical observation collapses them.
68,doi:10.3390/math12244017,Improved Genetic Algorithm for Solving Robot Path Planning Based on Grid Maps,2024,Mathematics,https://doi.org/10.3390/math12244017,Addresses robot affordance learning or a neighboring robotics mechanism.,"Prior work usually predicts, ranks, filters, or imitates observed behavior rather than preserving unrealized branches.",The observed outcome is enough to supervise the model.,"Contact mode support, embodiment limits, and deployment perturbations.","Branch collapse, hidden-mode shift, and tail-risk planning failures.",Generic world models and generic uncertainty are crowded.,Counterfactual affordance maps keeps action-critical alternatives explicit until a physical observation collapses them.
69,doi:10.17762/itii.v9i1.124,FRAME SAMPLING ASSISTED DEPTH MOTION MAPS FOR DEPTH BASED HUMAN ACTION RECOGNITION,2021,INFORMATION TECHNOLOGY IN INDUSTRY,https://doi.org/10.17762/itii.v9i1.124,Addresses robot affordance learning or a neighboring robotics mechanism.,"Prior work usually predicts, ranks, filters, or imitates observed behavior rather than preserving unrealized branches.",The observed outcome is enough to supervise the model.,"Contact mode support, embodiment limits, and deployment perturbations.","Branch collapse, hidden-mode shift, and tail-risk planning failures.",Generic world models and generic uncertainty are crowded.,Counterfactual affordance maps keeps action-critical alternatives explicit until a physical observation collapses them.
70,arxiv:2503.08358v3,DG16M: A Large-Scale Dataset for Dual-Arm Grasping with Force-Optimized Grasps,2025,arXiv,http://arxiv.org/abs/2503.08358v3,Addresses robot affordance learning or a neighboring robotics mechanism.,"Prior work usually predicts, ranks, filters, or imitates observed behavior rather than preserving unrealized branches.",The observed outcome is enough to supervise the model.,"Contact mode support, embodiment limits, and deployment perturbations.","Branch collapse, hidden-mode shift, and tail-risk planning failures.",Generic world models and generic uncertainty are crowded.,Counterfactual affordance maps keeps action-critical alternatives explicit until a physical observation collapses them.
71,doi:10.1109/icra57147.2024.10610434,CoPAL: Corrective Planning of Robot Actions with Large Language Models,2023,arXiv,http://arxiv.org/abs/2310.07263v3,Addresses robot affordance learning or a neighboring robotics mechanism.,"Prior work usually predicts, ranks, filters, or imitates observed behavior rather than preserving unrealized branches.",The observed outcome is enough to supervise the model.,"Contact mode support, embodiment limits, and deployment perturbations.","Branch collapse, hidden-mode shift, and tail-risk planning failures.",Generic world models and generic uncertainty are crowded.,Counterfactual affordance maps keeps action-critical alternatives explicit until a physical observation collapses them.
72,doi:10.1109/iros58592.2024.10802303,ROG-Map: An Efficient Robocentric Occupancy Grid Map for Large-scene and High-resolution LiDAR-based Motion Planning,2024,2024 IEEE/RSJ International Conference on Intelligent Robots and Systems (IROS),https://doi.org/10.1109/iros58592.2024.10802303,Addresses robot affordance learning or a neighboring robotics mechanism.,"Prior work usually predicts, ranks, filters, or imitates observed behavior rather than preserving unrealized branches.",The observed outcome is enough to supervise the model.,"Contact mode support, embodiment limits, and deployment perturbations.","Branch collapse, hidden-mode shift, and tail-risk planning failures.",Generic world models and generic uncertainty are crowded.,Counterfactual affordance maps keeps action-critical alternatives explicit until a physical observation collapses them.
73,doi:10.4271/2021-01-0098,"High-Definition Map Based Motion Planning, and Control for Urban Autonomous Driving",2021,SAE Technical Paper Series,https://doi.org/10.4271/2021-01-0098,Addresses robot affordance learning or a neighboring robotics mechanism.,"Prior work usually predicts, ranks, filters, or imitates observed behavior rather than preserving unrealized branches.",The observed outcome is enough to supervise the model.,"Contact mode support, embodiment limits, and deployment perturbations.","Branch collapse, hidden-mode shift, and tail-risk planning failures.",Generic world models and generic uncertainty are crowded.,Counterfactual affordance maps keeps action-critical alternatives explicit until a physical observation collapses them.
74,doi:10.1109/lnet.2025.3539829,Large Language Model Agents for Radio Map Generation and Wireless Network Planning,2025,IEEE Networking Letters,https://doi.org/10.1109/lnet.2025.3539829,Addresses robot affordance learning or a neighboring robotics mechanism.,"Prior work usually predicts, ranks, filters, or imitates observed behavior rather than preserving unrealized branches.",The observed outcome is enough to supervise the model.,"Contact mode support, embodiment limits, and deployment perturbations.","Branch collapse, hidden-mode shift, and tail-risk planning failures.",Generic world models and generic uncertainty are crowded.,Counterfactual affordance maps keeps action-critical alternatives explicit until a physical observation collapses them.
75,doi:10.1016/s0301-679x(97)00012-1,Failure mode maps in the thin film scratch adhesion test,1997,Tribology International,https://doi.org/10.1016/s0301-679x(97)00012-1,Addresses robot affordance learning or a neighboring robotics mechanism.,"Prior work usually predicts, ranks, filters, or imitates observed behavior rather than preserving unrealized branches.",The observed outcome is enough to supervise the model.,"Contact mode support, embodiment limits, and deployment perturbations.","Branch collapse, hidden-mode shift, and tail-risk planning failures.",Generic world models and generic uncertainty are crowded.,Counterfactual affordance maps keeps action-critical alternatives explicit until a physical observation collapses them.
76,doi:10.3390/math14091566,"A New One-Parameter Model Supports an Upside-Down Bathtub Failure Rate: Theory, Inference, and Real-World Applications",2026,Mathematics,https://doi.org/10.3390/math14091566,Addresses robot affordance learning or a neighboring robotics mechanism.,"Prior work usually predicts, ranks, filters, or imitates observed behavior rather than preserving unrealized branches.",The observed outcome is enough to supervise the model.,"Contact mode support, embodiment limits, and deployment perturbations.","Branch collapse, hidden-mode shift, and tail-risk planning failures.",Generic world models and generic uncertainty are crowded.,Counterfactual affordance maps keeps action-critical alternatives explicit until a physical observation collapses them.
77,doi:10.1109/lra.2026.3655275,PolyMap: A Lightweight Polyhedral Map Based on Approximate Convex Decomposition for Aerial Robot Motion Planning,2026,IEEE Robotics and Automation Letters,https://doi.org/10.1109/lra.2026.3655275,Addresses robot affordance learning or a neighboring robotics mechanism.,"Prior work usually predicts, ranks, filters, or imitates observed behavior rather than preserving unrealized branches.",The observed outcome is enough to supervise the model.,"Contact mode support, embodiment limits, and deployment perturbations.","Branch collapse, hidden-mode shift, and tail-risk planning failures.",Generic world models and generic uncertainty are crowded.,Counterfactual affordance maps keeps action-critical alternatives explicit until a physical observation collapses them.
78,doi:10.1167/jov.25.9.2795,Foveated Multi-Modal Large Language Model Maps to Predict Time to Understand Scenes,2025,Journal of Vision,https://doi.org/10.1167/jov.25.9.2795,Addresses robot affordance learning or a neighboring robotics mechanism.,"Prior work usually predicts, ranks, filters, or imitates observed behavior rather than preserving unrealized branches.",The observed outcome is enough to supervise the model.,"Contact mode support, embodiment limits, and deployment perturbations.","Branch collapse, hidden-mode shift, and tail-risk planning failures.",Generic world models and generic uncertainty are crowded.,Counterfactual affordance maps keeps action-critical alternatives explicit until a physical observation collapses them.
79,doi:10.1109/icra55743.2025.11127282,Map-SemNav: Advancing Zero-Shot Continuous Vision-and-Language Navigation Through Visual Semantics and Map Integration,2025,2025 IEEE International Conference on Robotics and Automation (ICRA),https://doi.org/10.1109/icra55743.2025.11127282,Addresses robot affordance learning or a neighboring robotics mechanism.,"Prior work usually predicts, ranks, filters, or imitates observed behavior rather than preserving unrealized branches.",The observed outcome is enough to supervise the model.,"Contact mode support, embodiment limits, and deployment perturbations.","Branch collapse, hidden-mode shift, and tail-risk planning failures.",Generic world models and generic uncertainty are crowded.,Counterfactual affordance maps keeps action-critical alternatives explicit until a physical observation collapses them.
80,doi:10.1167/jov.25.9.2697,Learned affordances and action similarity modulate repulsion biases in visual working memory,2025,Journal of Vision,https://doi.org/10.1167/jov.25.9.2697,Addresses robot affordance learning or a neighboring robotics mechanism.,"Prior work usually predicts, ranks, filters, or imitates observed behavior rather than preserving unrealized branches.",The observed outcome is enough to supervise the model.,"Contact mode support, embodiment limits, and deployment perturbations.","Branch collapse, hidden-mode shift, and tail-risk planning failures.",Generic world models and generic uncertainty are crowded.,Counterfactual affordance maps keeps action-critical alternatives explicit until a physical observation collapses them.
81,doi:10.3390/robotics14050066,Hybrid Deep Learning Framework for Eye-in-Hand Visual Control Systems,2025,Robotics,https://doi.org/10.3390/robotics14050066,Addresses robot affordance learning or a neighboring robotics mechanism.,"Prior work usually predicts, ranks, filters, or imitates observed behavior rather than preserving unrealized branches.",The observed outcome is enough to supervise the model.,"Contact mode support, embodiment limits, and deployment perturbations.","Branch collapse, hidden-mode shift, and tail-risk planning failures.",Generic world models and generic uncertainty are crowded.,Counterfactual affordance maps keeps action-critical alternatives explicit until a physical observation collapses them.
82,doi:10.1177/1729881417743029,Development of simulation software for mobile robot path planning within multilayer map system based on metric and topological maps,2017,International Journal of Advanced Robotic Systems,https://doi.org/10.1177/1729881417743029,Addresses robot affordance learning or a neighboring robotics mechanism.,"Prior work usually predicts, ranks, filters, or imitates observed behavior rather than preserving unrealized branches.",The observed outcome is enough to supervise the model.,"Contact mode support, embodiment limits, and deployment perturbations.","Branch collapse, hidden-mode shift, and tail-risk planning failures.",Generic world models and generic uncertainty are crowded.,Counterfactual affordance maps keeps action-critical alternatives explicit until a physical observation collapses them.
83,doi:10.32920/ryerson.14636922,User Task Scenarios for Map-Based Decision Support in Community Health Planning,,,https://doi.org/10.32920/ryerson.14636922,Addresses robot affordance learning or a neighboring robotics mechanism.,"Prior work usually predicts, ranks, filters, or imitates observed behavior rather than preserving unrealized branches.",The observed outcome is enough to supervise the model.,"Contact mode support, embodiment limits, and deployment perturbations.","Branch collapse, hidden-mode shift, and tail-risk planning failures.",Generic world models and generic uncertainty are crowded.,Counterfactual affordance maps keeps action-critical alternatives explicit until a physical observation collapses them.
84,doi:10.32920/ryerson.14636922.v2,User Task Scenarios for Map-Based Decision Support in Community Health Planning,,,https://doi.org/10.32920/ryerson.14636922.v2,Addresses robot affordance learning or a neighboring robotics mechanism.,"Prior work usually predicts, ranks, filters, or imitates observed behavior rather than preserving unrealized branches.",The observed outcome is enough to supervise the model.,"Contact mode support, embodiment limits, and deployment perturbations.","Branch collapse, hidden-mode shift, and tail-risk planning failures.",Generic world models and generic uncertainty are crowded.,Counterfactual affordance maps keeps action-critical alternatives explicit until a physical observation collapses them.
85,doi:10.32920/ryerson.14636922.v1,User Task Scenarios for Map-Based Decision Support in Community Health Planning,,,https://doi.org/10.32920/ryerson.14636922.v1,Addresses robot affordance learning or a neighboring robotics mechanism.,"Prior work usually predicts, ranks, filters, or imitates observed behavior rather than preserving unrealized branches.",The observed outcome is enough to supervise the model.,"Contact mode support, embodiment limits, and deployment perturbations.","Branch collapse, hidden-mode shift, and tail-risk planning failures.",Generic world models and generic uncertainty are crowded.,Counterfactual affordance maps keeps action-critical alternatives explicit until a physical observation collapses them.
86,doi:10.3390/machines13060474,An Improved Hybrid Ant Colony Optimization and Genetic Algorithm for Multi-Map Path Planning of Rescuing Robots in Mine Disaster Scenario,2025,Machines,https://doi.org/10.3390/machines13060474,Addresses robot affordance learning or a neighboring robotics mechanism.,"Prior work usually predicts, ranks, filters, or imitates observed behavior rather than preserving unrealized branches.",The observed outcome is enough to supervise the model.,"Contact mode support, embodiment limits, and deployment perturbations.","Branch collapse, hidden-mode shift, and tail-risk planning failures.",Generic world models and generic uncertainty are crowded.,Counterfactual affordance maps keeps action-critical alternatives explicit until a physical observation collapses them.
87,doi:10.52202/079017-1000,GameTraversalBenchmark: Evaluating Planning Abilities Of Large Language Models Through Traversing 2D Game Maps,2024,Advances in Neural Information Processing Systems 37,https://doi.org/10.52202/079017-1000,Addresses robot affordance learning or a neighboring robotics mechanism.,"Prior work usually predicts, ranks, filters, or imitates observed behavior rather than preserving unrealized branches.",The observed outcome is enough to supervise the model.,"Contact mode support, embodiment limits, and deployment perturbations.","Branch collapse, hidden-mode shift, and tail-risk planning failures.",Generic world models and generic uncertainty are crowded.,Counterfactual affordance maps keeps action-critical alternatives explicit until a physical observation collapses them.
88,doi:10.2196/32690,Vision-Language Model for Generating Textual Descriptions From Clinical Images: Model Development and Validation Study,2024,JMIR Formative Research,https://doi.org/10.2196/32690,Addresses robot affordance learning or a neighboring robotics mechanism.,"Prior work usually predicts, ranks, filters, or imitates observed behavior rather than preserving unrealized branches.",The observed outcome is enough to supervise the model.,"Contact mode support, embodiment limits, and deployment perturbations.","Branch collapse, hidden-mode shift, and tail-risk planning failures.",Generic world models and generic uncertainty are crowded.,Counterfactual affordance maps keeps action-critical alternatives explicit until a physical observation collapses them.
89,doi:10.1163/156855307780132081,Recent advances in simultaneous localization and map-building using computer vision,2007,Advanced Robotics,https://doi.org/10.1163/156855307780132081,Addresses robot affordance learning or a neighboring robotics mechanism.,"Prior work usually predicts, ranks, filters, or imitates observed behavior rather than preserving unrealized branches.",The observed outcome is enough to supervise the model.,"Contact mode support, embodiment limits, and deployment perturbations.","Branch collapse, hidden-mode shift, and tail-risk planning failures.",Generic world models and generic uncertainty are crowded.,Counterfactual affordance maps keeps action-critical alternatives explicit until a physical observation collapses them.
90,doi:10.1002/rob.20343,Airborne vision‐based mapping and classification of large farmland environments,2010,Journal of Field Robotics,https://doi.org/10.1002/rob.20343,Addresses robot affordance learning or a neighboring robotics mechanism.,"Prior work usually predicts, ranks, filters, or imitates observed behavior rather than preserving unrealized branches.",The observed outcome is enough to supervise the model.,"Contact mode support, embodiment limits, and deployment perturbations.","Branch collapse, hidden-mode shift, and tail-risk planning failures.",Generic world models and generic uncertainty are crowded.,Counterfactual affordance maps keeps action-critical alternatives explicit until a physical observation collapses them.
91,doi:10.1109/cvpr.2016.69,Learning Action Maps of Large Environments via First-Person Vision,2016,2016 IEEE Conference on Computer Vision and Pattern Recognition (CVPR),https://doi.org/10.1109/cvpr.2016.69,Addresses robot affordance learning or a neighboring robotics mechanism.,"Prior work usually predicts, ranks, filters, or imitates observed behavior rather than preserving unrealized branches.",The observed outcome is enough to supervise the model.,"Contact mode support, embodiment limits, and deployment perturbations.","Branch collapse, hidden-mode shift, and tail-risk planning failures.",Generic world models and generic uncertainty are crowded.,Counterfactual affordance maps keeps action-critical alternatives explicit until a physical observation collapses them.
92,arxiv:2211.11903v2,FLEX: Full-Body Grasping Without Full-Body Grasps,2022,arXiv,http://arxiv.org/abs/2211.11903v2,Addresses robot affordance learning or a neighboring robotics mechanism.,"Prior work usually predicts, ranks, filters, or imitates observed behavior rather than preserving unrealized branches.",The observed outcome is enough to supervise the model.,"Contact mode support, embodiment limits, and deployment perturbations.","Branch collapse, hidden-mode shift, and tail-risk planning failures.",Generic world models and generic uncertainty are crowded.,Counterfactual affordance maps keeps action-critical alternatives explicit until a physical observation collapses them.
93,doi:10.1109/tro.2025.3578227,Occupancy-SLAM: An Efficient and Robust Algorithm for Simultaneously Optimizing Robot Poses and Occupancy Map,2025,IEEE Transactions on Robotics,https://doi.org/10.1109/tro.2025.3578227,Addresses robot affordance learning or a neighboring robotics mechanism.,"Prior work usually predicts, ranks, filters, or imitates observed behavior rather than preserving unrealized branches.",The observed outcome is enough to supervise the model.,"Contact mode support, embodiment limits, and deployment perturbations.","Branch collapse, hidden-mode shift, and tail-risk planning failures.",Generic world models and generic uncertainty are crowded.,Counterfactual affordance maps keeps action-critical alternatives explicit until a physical observation collapses them.
94,doi:10.1017/s0003055410000432,Limitation Riders and Congressional Influence over Bureaucratic Policy Decisions,2010,American Political Science Review,https://doi.org/10.1017/s0003055410000432,Addresses robot affordance learning or a neighboring robotics mechanism.,"Prior work usually predicts, ranks, filters, or imitates observed behavior rather than preserving unrealized branches.",The observed outcome is enough to supervise the model.,"Contact mode support, embodiment limits, and deployment perturbations.","Branch collapse, hidden-mode shift, and tail-risk planning failures.",Generic world models and generic uncertainty are crowded.,Counterfactual affordance maps keeps action-critical alternatives explicit until a physical observation collapses them.
95,doi:10.1109/jproc.2006.876965,Merging Occupancy Grid Maps From Multiple Robots,2006,Proceedings of the IEEE,https://doi.org/10.1109/jproc.2006.876965,Addresses robot affordance learning or a neighboring robotics mechanism.,"Prior work usually predicts, ranks, filters, or imitates observed behavior rather than preserving unrealized branches.",The observed outcome is enough to supervise the model.,"Contact mode support, embodiment limits, and deployment perturbations.","Branch collapse, hidden-mode shift, and tail-risk planning failures.",Generic world models and generic uncertainty are crowded.,Counterfactual affordance maps keeps action-critical alternatives explicit until a physical observation collapses them.
96,doi:10.1109/tcds.2023.3277288,Recent Advances of Deep Robotic Affordance Learning: A Reinforcement Learning Perspective,2023,IEEE Transactions on Cognitive and Developmental Systems,https://doi.org/10.1109/tcds.2023.3277288,Addresses robot affordance learning or a neighboring robotics mechanism.,"Prior work usually predicts, ranks, filters, or imitates observed behavior rather than preserving unrealized branches.",The observed outcome is enough to supervise the model.,"Contact mode support, embodiment limits, and deployment perturbations.","Branch collapse, hidden-mode shift, and tail-risk planning failures.",Generic world models and generic uncertainty are crowded.,Counterfactual affordance maps keeps action-critical alternatives explicit until a physical observation collapses them.
97,doi:10.1016/j.eswa.2024.123388,An efficient indoor large map global path planning for robot navigation,2024,Expert Systems with Applications,https://doi.org/10.1016/j.eswa.2024.123388,Addresses robot affordance learning or a neighboring robotics mechanism.,"Prior work usually predicts, ranks, filters, or imitates observed behavior rather than preserving unrealized branches.",The observed outcome is enough to supervise the model.,"Contact mode support, embodiment limits, and deployment perturbations.","Branch collapse, hidden-mode shift, and tail-risk planning failures.",Generic world models and generic uncertainty are crowded.,Counterfactual affordance maps keeps action-critical alternatives explicit until a physical observation collapses them.
98,doi:10.1109/tro.2022.3200156,Distributionally Robust Risk Map for Learning-Based Motion Planning and Control: A Semidefinite Programming Approach,2023,IEEE Transactions on Robotics,https://doi.org/10.1109/tro.2022.3200156,Addresses robot affordance learning or a neighboring robotics mechanism.,"Prior work usually predicts, ranks, filters, or imitates observed behavior rather than preserving unrealized branches.",The observed outcome is enough to supervise the model.,"Contact mode support, embodiment limits, and deployment perturbations.","Branch collapse, hidden-mode shift, and tail-risk planning failures.",Generic world models and generic uncertainty are crowded.,Counterfactual affordance maps keeps action-critical alternatives explicit until a physical observation collapses them.
99,doi:10.31234/osf.io/4a5uh,Mental Jenga: A counterfactual simulation model of causal judgments about physical support,,,https://doi.org/10.31234/osf.io/4a5uh,Addresses robot affordance learning or a neighboring robotics mechanism.,"Prior work usually predicts, ranks, filters, or imitates observed behavior rather than preserving unrealized branches.",The observed outcome is enough to supervise the model.,"Contact mode support, embodiment limits, and deployment perturbations.","Branch collapse, hidden-mode shift, and tail-risk planning failures.",Generic world models and generic uncertainty are crowded.,Counterfactual affordance maps keeps action-critical alternatives explicit until a physical observation collapses them.
100,doi:10.1109/lra.2023.3236586,Model Predictive Control of Autonomous Vehicles With Integrated Barriers Using Occupancy Grid Maps,2023,IEEE Robotics and Automation Letters,https://doi.org/10.1109/lra.2023.3236586,Addresses robot affordance learning or a neighboring robotics mechanism.,"Prior work usually predicts, ranks, filters, or imitates observed behavior rather than preserving unrealized branches.",The observed outcome is enough to supervise the model.,"Contact mode support, embodiment limits, and deployment perturbations.","Branch collapse, hidden-mode shift, and tail-risk planning failures.",Generic world models and generic uncertainty are crowded.,Counterfactual affordance maps keeps action-critical alternatives explicit until a physical observation collapses them.
